session_id;stem;folder;activity_type;cp;weight;duration_sec;avg_power_ratio;max_power_ratio;avg_30_ratio;avg_60_ratio;pct_above_cp;start_ratio;end_ratio;effort_window_seconds;effort_min_cp_pct;effort_merge_pct;trim_window;extend_window;trim_start_power_ratio;trim_end_power_ratio;extend_before_power_ratio;extend_after_power_ratio;valley_count;valley_max_dur_sec;valley_time_ratio;overlap_count;max_overlap_ratio;contains_other_count;is_contained_by_other;gold_overlap_count;keep_label;start_delta_sec;end_delta_sec
60f0c0a1-730d-4b6e-ac01-52d6c5ff26fc;i138868714_Giro_della_Castellania;data\archive\Castellania 2026\ROS;road;235.0;53.0;369.0;1.0849913743530764;1.9234042553191488;1.0786977882280973;1.0701640190399724;0.6738544474393531;0.0999000999000999;0.15270443841872414;60.0;100.0;15.0;10.0;15.0;1.1628683485266058;0.886368454526182;0.7985160059359763;0.6045085152992721;14.0;5.0;0.06199460916442048;0.0;0.0;0.0;0.0;1.0;1;0.0;-3.0
60f0c0a1-730d-4b6e-ac01-52d6c5ff26fc;i138868714_Giro_della_Castellania;data\archive\Castellania 2026\ROS;road;235.0;53.0;64.0;1.1044844517184944;1.7702127659574467;1.0373092628411777;0.9634021061680637;0.6818181818181818;0.16483516483516483;0.17411160268303125;60.0;100.0;15.0;10.0;15.0;0.9080967340406614;1.0587398494457945;0.581510679074546;0.32799873550273645;1.0;1.0;0.015151515151515152;0.0;0.0;0.0;0.0;1.0;1;0.0;0.0
60f0c0a1-730d-4b6e-ac01-52d6c5ff26fc;i138868714_Giro_della_Castellania;data\archive\Castellania 2026\ROS;road;235.0;53.0;74.0;1.016;1.8680851063829786;0.9729749906681597;0.9182913400522582;0.5131578947368421;0.1848151848151848;0.19551876694733838;60.0;100.0;15.0;10.0;15.0;0.9155637460211091;1.0403752722399062;0.6600770648349807;0.43614229072429783;4.0;2.0;0.07894736842105263;0.0;0.0;0.0;0.0;1.0;1;8.0;0.0
60f0c0a1-730d-4b6e-ac01-52d6c5ff26fc;i138868714_Giro_della_Castellania;data\archive\Castellania 2026\ROS;road;235.0;53.0;29.0;1.1148936170212767;2.6723404255319148;1.056197666437886;0.9011370395790436;0.5806451612903226;0.23976023976023977;0.2440416726131012;60.0;100.0;15.0;10.0;15.0;1.0702290076335876;0.882824427480916;0.7190839694656489;0.6363867684478371;3.0;3.0;0.22580645161290322;0.0;0.0;0.0;0.0;1.0;1;4.0;6.0
60f0c0a1-730d-4b6e-ac01-52d6c5ff26fc;i138868714_Giro_della_Castellania;data\archive\Castellania 2026\ROS;road;235.0;53.0;239.0;1.097695035460993;2.748936170212766;1.084345369471175;1.068192225066949;0.5269709543568465;0.282574568288854;0.3168260311117454;60.0;100.0;15.0;10.0;15.0;1.360684865126797;0.845485382006138;0.6662574705217251;0.6680665482151511;17.0;11.0;0.21161825726141079;0.0;0.0;0.0;0.0;2.0;1;157.0;3.0
60f0c0a1-730d-4b6e-ac01-52d6c5ff26fc;i138868714_Giro_della_Castellania;data\archive\Castellania 2026\ROS;road;235.0;53.0;49.0;1.047659574468085;2.5148936170212766;0.8909192045612573;0.7874245584758728;0.37254901960784315;0.3596403596403596;0.3667760810617953;60.0;100.0;15.0;10.0;15.0;1.9581640942323317;1.0617384240454915;0.15001353912808016;0.4465204440834011;6.0;7.0;0.3333333333333333;0.0;0.0;0.0;0.0;1.0;1;0.0;6.0
60f0c0a1-730d-4b6e-ac01-52d6c5ff26fc;i138868714_Giro_della_Castellania;data\archive\Castellania 2026\ROS;road;235.0;53.0;99.0;1.1532765957446807;2.902127659574468;1.1147405378835757;1.0732385366196193;0.6138613861386139;0.4124446981589839;0.4267161410018553;60.0;100.0;15.0;10.0;15.0;0.988118958010479;1.0427274739871597;0.6260300592822178;0.5896243819644308;7.0;3.0;0.09900990099009901;0.0;0.0;0.0;0.0;1.0;1;-28.0;-2.0
60f0c0a1-730d-4b6e-ac01-52d6c5ff26fc;i138868714_Giro_della_Castellania;data\archive\Castellania 2026\ROS;road;235.0;53.0;59.0;1.1120567375886523;2.7702127659574467;1.011587024764562;0.8906789908150217;0.45901639344262296;0.43670615099186527;0.4452690166975881;60.0;100.0;15.0;10.0;15.0;1.3878826530612245;1.0507653061224491;0.5502551020408164;0.12729591836734694;7.0;7.0;0.36065573770491804;0.0;0.0;0.0;0.0;1.0;0;0.0;0.0
60f0c0a1-730d-4b6e-ac01-52d6c5ff26fc;i138868714_Giro_della_Castellania;data\archive\Castellania 2026\ROS;road;235.0;53.0;19.0;1.3995744680851063;1.9361702127659575;1.1874501857480582;0.9145592705167174;0.8571428571428571;0.44955044955044954;0.4524047381190238;60.0;100.0;15.0;10.0;15.0;0.936150805716023;1.0389176041349955;0.5497111584068106;0.44248505118070336;1.0;1.0;0.047619047619047616;0.0;0.0;0.0;0.0;1.0;1;0.0;0.0
60f0c0a1-730d-4b6e-ac01-52d6c5ff26fc;i138868714_Giro_della_Castellania;data\archive\Castellania 2026\ROS;road;235.0;53.0;249.0;1.1458893617021275;1.825531914893617;1.1396874911700714;1.1283552315560452;0.7211155378486056;0.5737120022834309;0.6093906093906094;60.0;100.0;15.0;10.0;15.0;1.0583621752499222;1.0219693706272932;0.7659818877715225;0.7125067462852107;12.0;4.0;0.0796812749003984;0.0;0.0;0.0;0.0;1.0;1;2.0;3.0
60f0c0a1-730d-4b6e-ac01-52d6c5ff26fc;i138868714_Giro_della_Castellania;data\archive\Castellania 2026\ROS;road;235.0;53.0;64.0;1.044189852700491;2.0;0.9797850848914679;0.9055265420159037;0.5606060606060606;0.6243756243756243;0.6336520622234908;60.0;100.0;15.0;10.0;15.0;1.1243573667711597;0.795078369905956;0.7009404388714734;0.14181818181818182;5.0;3.0;0.13636363636363635;0.0;0.0;0.0;0.0;1.0;1;-60.0;-5.0
60f0c0a1-730d-4b6e-ac01-52d6c5ff26fc;i138868714_Giro_della_Castellania;data\archive\Castellania 2026\ROS;road;235.0;53.0;79.0;1.0354255319148935;1.6212765957446809;0.9741178530776639;0.8997670957009017;0.5432098765432098;0.6436420722135008;0.6550592264877979;60.0;100.0;15.0;10.0;15.0;0.9329086612555225;1.0882564471386007;0.3285044008356451;0.23809034555977945;2.0;1.0;0.024691358024691357;0.0;0.0;0.0;0.0;1.0;1;3.0;0.0
60f0c0a1-730d-4b6e-ac01-52d6c5ff26fc;i138868714_Giro_della_Castellania;data\archive\Castellania 2026\ROS;road;235.0;53.0;119.0;1.1138297872340426;2.6851063829787236;1.0426352499853464;0.9568260946017231;0.5289256198347108;0.7021549878692736;0.7192807192807192;60.0;100.0;15.0;10.0;15.0;1.4383954154727794;1.364660936007641;0.3468958930276982;0.3369627507163324;8.0;10.0;0.32231404958677684;0.0;0.0;0.0;0.0;2.0;1;0.0;-64.0
60f0c0a1-730d-4b6e-ac01-52d6c5ff26fc;i138868714_Giro_della_Castellania;data\archive\Castellania 2026\ROS;road;235.0;53.0;59.0;1.1684397163120566;1.8212765957446808;1.1440692942681085;1.0774758748982678;0.7704918032786885;0.7706579135150564;0.7792207792207793;60.0;100.0;15.0;10.0;15.0;1.1508345978755692;0.8802427921092565;0.7526555386949925;0.7203641881638848;1.0;3.0;0.04918032786885246;0.0;0.0;0.0;0.0;1.0;1;-35.0;0.0
60f0c0a1-730d-4b6e-ac01-52d6c5ff26fc;i138868714_Giro_della_Castellania;data\archive\Castellania 2026\ROS;road;235.0;53.0;19.0;1.3725531914893618;1.9872340425531916;1.0849712934819318;0.7392570077676459;0.7142857142857143;0.8220351077493935;0.8248893963179678;60.0;100.0;15.0;10.0;15.0;1.1840024802356224;0.7570919237327546;0.5394512478685475;0.0729602645584664;3.0;2.0;0.19047619047619047;0.0;0.0;0.0;0.0;1.0;1;0.0;0.0
60f0c0a1-730d-4b6e-ac01-52d6c5ff26fc;i138868714_Giro_della_Castellania;data\archive\Castellania 2026\ROS;road;235.0;53.0;169.0;1.2075093867334168;2.6340425531914895;1.1857343121396873;1.1613014806519844;0.7719298245614035;0.9333523619237905;0.957613814756672;60.0;100.0;15.0;10.0;15.0;1.3105928689883914;0.9261194029850747;0.5025290215588724;0.6770867882808181;8.0;9.0;0.15204678362573099;0.0;0.0;0.0;0.0;1.0;1;43.0;3.0
60f0c0a1-730d-4b6e-ac01-52d6c5ff26fc;i138868714_Giro_della_Castellania;data\archive\Castellania 2026\ROS;road;235.0;53.0;49.0;1.6332765957446809;2.2638297872340427;1.5466471978862466;1.3874356834932553;0.9803921568627451;0.9690309690309691;0.9761666904524048;60.0;100.0;15.0;10.0;15.0;0.8566515554166015;0.8972956073159293;0.2726972712903618;0.5808278185955222;1.0;2.0;0.0392156862745098;1.0;0.9019607843137255;0.0;0.0;1.0;1;4.0;6.0
60f0c0a1-730d-4b6e-ac01-52d6c5ff26fc;i138868714_Giro_della_Castellania;data\archive\Castellania 2026\ROS;road;235.0;53.0;154.0;1.3028140013726837;2.2638297872340427;1.2741525731951264;1.2393035097290417;0.7243589743589743;0.9697445411731126;0.9918652775795633;60.0;100.0;15.0;10.0;15.0;1.3937098303656095;1.0458539669160256;0.6229831770449197;0.7309872510799704;3.0;11.0;0.08333333333333333;1.0;0.2948717948717949;0.0;0.0;2.0;1;70.0;56.0
312f98e6-0bbd-419d-a5a2-0a5c3a970ca7;ros CIT;data\archive\Cittiglio 2026\ROS;road;235.0;53.0;159.0;1.1407180851063832;1.6425531914893616;1.1079168318576273;1.075299766530109;0.7950310559006211;0.17281580030174187;0.1947606638321218;60.0;100.0;15.0;10.0;15.0;1.0650252966822875;0.8479168123848826;0.5506050220325942;0.09325965820335268;4.0;3.0;0.037267080745341616;0.0;0.0;0.0;0.0;1.0;1;0.0;0.0
312f98e6-0bbd-419d-a5a2-0a5c3a970ca7;ros CIT;data\archive\Cittiglio 2026\ROS;road;235.0;53.0;64.0;1.445433715220949;2.021276595744681;1.3750676982591878;1.2535332043842682;0.9848484848484849;0.19887532574406802;0.20779042655328486;60.0;100.0;15.0;10.0;15.0;1.0533538656642059;0.913220707459577;0.45553089662877244;0.5880097226625602;1.0;1.0;0.015151515151515152;0.0;0.0;0.0;0.0;1.0;1;-8.0;0.0
312f98e6-0bbd-419d-a5a2-0a5c3a970ca7;ros CIT;data\archive\Cittiglio 2026\ROS;road;235.0;53.0;164.0;1.1409671179883947;1.9659574468085106;1.1139451422712126;1.0823417072545498;0.7710843373493976;0.32094362913180635;0.34357426964751064;60.0;100.0;15.0;10.0;15.0;0.8689903031124975;0.8708550891706788;0.6357677267692864;0.1795167378675889;8.0;3.0;0.0783132530120482;0.0;0.0;0.0;0.0;1.0;1;0.0;-1.0
312f98e6-0bbd-419d-a5a2-0a5c3a970ca7;ros CIT;data\archive\Cittiglio 2026\ROS;road;235.0;53.0;139.0;1.1954103343465046;1.8340425531914895;1.1789467330617172;1.1424007846687791;0.75177304964539;0.3963790975174873;0.4155808531065697;60.0;100.0;15.0;10.0;15.0;0.916626407994101;1.0251976912710723;0.7349623263579885;0.6132201005195488;9.0;4.0;0.14184397163120568;0.0;0.0;0.0;0.0;1.0;1;-3.0;0.0
312f98e6-0bbd-419d-a5a2-0a5c3a970ca7;ros CIT;data\archive\Cittiglio 2026\ROS;road;235.0;53.0;54.0;1.439458413926499;2.4340425531914893;1.3660182370820666;1.2256420972644377;0.875;0.42106706898916474;0.4286106158277328;60.0;100.0;15.0;10.0;15.0;0.949234076861059;1.1280838484278422;0.49348741377765837;0.4546627250739049;4.0;2.0;0.08928571428571429;0.0;0.0;0.0;0.0;1.0;1;3.0;3.0
312f98e6-0bbd-419d-a5a2-0a5c3a970ca7;ros CIT;data\archive\Cittiglio 2026\ROS;road;235.0;53.0;54.0;1.184835589941973;2.5531914893617023;1.033290273556231;0.9228457446808511;0.6071428571428571;0.4635852420792758;0.47112878891784393;60.0;100.0;15.0;10.0;15.0;1.6520830612511428;0.8526185190022202;0.0009577293108702276;0.5959470636889992;4.0;10.0;0.23214285714285715;0.0;0.0;0.0;0.0;1.0;1;1.0;-1.0
312f98e6-0bbd-419d-a5a2-0a5c3a970ca7;ros CIT;data\archive\Cittiglio 2026\ROS;road;235.0;53.0;19.0;1.3963829787234041;2.4680851063829787;1.0549341438703141;0.6757277946639648;0.8095238095238095;0.478672335756412;0.4814154436977095;60.0;100.0;15.0;10.0;15.0;1.1263141855858603;0.887703793996648;0.11498806440144244;0.30209761795926665;1.0;4.0;0.19047619047619047;0.0;0.0;0.0;0.0;1.0;1;0.0;2.0
312f98e6-0bbd-419d-a5a2-0a5c3a970ca7;ros CIT;data\archive\Cittiglio 2026\ROS;road;235.0;53.0;39.0;1.235;2.6595744680851063;1.103390416882892;1.034334890157412;0.6341463414634146;0.4937594294335482;0.4992456453161432;60.0;100.0;15.0;10.0;15.0;1.3499870789904385;0.9320354897062623;0.4286329571883883;0.7594108019639935;5.0;6.0;0.2926829268292683;0.0;0.0;0.0;0.0;1.0;1;-2.0;0.0
312f98e6-0bbd-419d-a5a2-0a5c3a970ca7;ros CIT;data\archive\Cittiglio 2026\ROS;road;235.0;53.0;159.0;1.3073936170212765;2.2212765957446807;1.2845592705167173;1.250679705739835;0.8385093167701864;0.537649156494308;0.5595940200246879;60.0;100.0;15.0;10.0;15.0;0.8589446275275641;1.2036291142845519;0.7373231891723286;0.46088124008299763;7.0;7.0;0.09937888198757763;0.0;0.0;0.0;0.0;1.0;1;15.0;0.0
312f98e6-0bbd-419d-a5a2-0a5c3a970ca7;ros CIT;data\archive\Cittiglio 2026\ROS;road;235.0;53.0;159.0;1.259095744680851;2.0936170212765957;1.2428007576758735;1.2181674816087398;0.84472049689441;0.6117130709093402;0.6336579344397202;60.0;100.0;15.0;10.0;15.0;0.8553926745807106;0.9469815385915255;0.4864461436638362;0.7683100277413996;4.0;2.0;0.043478260869565216;0.0;0.0;0.0;0.0;1.0;1;5.0;-1.0
312f98e6-0bbd-419d-a5a2-0a5c3a970ca7;ros CIT;data\archive\Cittiglio 2026\ROS;road;235.0;53.0;74.0;1.2631489361702126;1.6382978723404256;1.2199197461739453;1.159146136618141;0.9078947368421053;0.6398299273076395;0.6501165820875051;60.0;100.0;15.0;10.0;15.0;1.1218164667834525;0.9991914836275436;0.5877464851996587;0.7283384988546018;0.0;0.0;0.0;0.0;0.0;0.0;0.0;1.0;1;0.0;150.0
312f98e6-0bbd-419d-a5a2-0a5c3a970ca7;ros CIT;data\archive\Cittiglio 2026\ROS;road;235.0;53.0;19.0;1.3493617021276596;1.5276595744680852;1.1485714285714288;0.8539885173927727;0.9523809523809523;0.6857769853243725;0.68852009326567;60.0;100.0;15.0;10.0;15.0;1.0577105014191106;0.9066540523494165;0.29538526227267947;0.6391254073373278;0.0;0.0;0.0;0.0;0.0;0.0;0.0;1.0;1;0.0;20.0
312f98e6-0bbd-419d-a5a2-0a5c3a970ca7;ros CIT;data\archive\Cittiglio 2026\ROS;road;235.0;53.0;49.0;1.130127659574468;2.2212765957446807;1.01620080656376;0.9266972604644694;0.6274509803921569;0.7173227266492936;0.7241804965025374;60.0;100.0;15.0;10.0;15.0;1.6224866330295955;0.942089012726862;0.360970956648342;0.7282174862564953;2.0;8.0;0.17647058823529413;0.0;0.0;0.0;0.0;1.0;1;0.0;3.0
312f98e6-0bbd-419d-a5a2-0a5c3a970ca7;ros CIT;data\archive\Cittiglio 2026\ROS;road;235.0;53.0;104.0;1.0442958459979736;2.3361702127659574;0.9835661715509167;0.9564893617021276;0.44339622641509435;0.7468111370182416;0.7612124537100535;60.0;100.0;15.0;10.0;15.0;1.5215383421297732;0.9184647624961192;0.040476560074511024;0.7524837007140639;2.0;3.0;0.03773584905660377;0.0;0.0;0.0;0.0;1.0;1;0.0;26.0
312f98e6-0bbd-419d-a5a2-0a5c3a970ca7;ros CIT;data\archive\Cittiglio 2026\ROS;road;235.0;53.0;179.0;1.1423167848699765;2.0638297872340425;1.1233525332079464;1.10210336585557;0.7900552486187845;0.7900150870936772;0.8147030585653545;60.0;100.0;15.0;10.0;15.0;0.9227235099337747;1.1123344370860928;0.5918046357615894;0.5577814569536423;5.0;9.0;0.09944751381215469;0.0;0.0;0.0;0.0;1.0;1;3.0;0.0
312f98e6-0bbd-419d-a5a2-0a5c3a970ca7;ros CIT;data\archive\Cittiglio 2026\ROS;road;235.0;53.0;54.0;1.0455705996131528;2.4382978723404256;0.91846757852077;0.8041248733535967;0.5178571428571429;0.8243039363598957;0.8318474831984639;60.0;100.0;15.0;10.0;15.0;1.6967219180109514;1.0410685215332247;0.0;0.6758670021212569;5.0;6.0;0.23214285714285715;0.0;0.0;0.0;0.0;0.0;0;0.0;0.0
312f98e6-0bbd-419d-a5a2-0a5c3a970ca7;ros CIT;data\archive\Cittiglio 2026\ROS;road;235.0;53.0;29.0;1.1078014184397162;1.8085106382978724;1.0251795927705327;0.9063806909174104;0.6451612903225806;0.8585927856261144;0.8627074475380606;60.0;100.0;15.0;10.0;15.0;0.9046094750320103;1.1231754161331626;0.6952624839948784;0.6094750320102433;3.0;4.0;0.25806451612903225;0.0;0.0;0.0;0.0;1.0;1;2.0;0.0
312f98e6-0bbd-419d-a5a2-0a5c3a970ca7;ros CIT;data\archive\Cittiglio 2026\ROS;road;235.0;53.0;159.0;1.1135638297872341;1.7829787234042553;1.095996652129862;1.073828025197128;0.6956521739130435;0.8668221094500068;0.8887669729803868;60.0;100.0;15.0;10.0;15.0;1.0218294721757821;0.9117745402436112;0.6756149988058276;0.6366372104131837;6.0;3.0;0.06832298136645963;0.0;0.0;0.0;0.0;1.0;1;-3.0;0.0
312f98e6-0bbd-419d-a5a2-0a5c3a970ca7;ros CIT;data\archive\Cittiglio 2026\ROS;road;235.0;53.0;214.0;1.2017812963879269;2.0808510638297872;1.181928027318098;1.1603844890990282;0.7777777777777778;0.8942531888629818;0.9237415992319298;60.0;100.0;15.0;10.0;15.0;1.125279973649539;0.8968955862977602;0.444729907773386;0.5731444883618797;5.0;12.0;0.12037037037037036;0.0;0.0;0.0;0.0;1.0;1;-3.0;1.0
312f98e6-0bbd-419d-a5a2-0a5c3a970ca7;ros CIT;data\archive\Cittiglio 2026\ROS;road;235.0;53.0;19.0;1.0261702127659575;2.3957446808510636;0.8227490712597096;0.5498007429922325;0.6190476190476191;0.9340282540117953;0.9367713619530929;60.0;100.0;15.0;10.0;15.0;0.22226829773999585;1.6869168567281776;0.2875112309074573;0.27866473149492016;1.0;8.0;0.38095238095238093;0.0;0.0;0.0;0.0;1.0;1;7.0;0.0
312f98e6-0bbd-419d-a5a2-0a5c3a970ca7;ros CIT;data\archive\Cittiglio 2026\ROS;road;235.0;53.0;19.0;1.1927659574468086;2.8340425531914892;0.8202499155690646;0.5982640999662275;0.5238095238095238;0.957344671512824;0.9600877794541215;60.0;100.0;15.0;10.0;15.0;1.3899393506956832;0.4534427399215126;0.24402425972172673;0.012367701272446189;2.0;6.0;0.3333333333333333;0.0;0.0;0.0;0.0;0.0;0;0.0;0.0
312f98e6-0bbd-419d-a5a2-0a5c3a970ca7;ros CIT;data\archive\Cittiglio 2026\ROS;road;235.0;53.0;29.0;1.330212765957447;3.0553191489361704;1.04752688172043;0.8880393502630979;0.5806451612903226;0.9669455493073652;0.9710602112193115;60.0;100.0;15.0;10.0;15.0;1.4353806781829812;0.8685220729366602;0.030923437833226698;0.48283216037534654;4.0;6.0;0.3548387096774194;0.0;0.0;0.0;0.0;1.0;1;2.0;35.0
312f98e6-0bbd-419d-a5a2-0a5c3a970ca7;ros CIT;data\archive\Cittiglio 2026\ROS;road;235.0;53.0;19.0;1.2612765957446808;2.5659574468085107;1.0864640324214792;0.9247855454238433;0.7142857142857143;0.9738033191606089;0.9765464271019064;60.0;100.0;15.0;10.0;15.0;1.2908232118758436;0.6788124156545209;0.573774179037337;0.5778227620332884;2.0;4.0;0.23809523809523808;0.0;0.0;0.0;0.0;1.0;0;0.0;0.0
2aeeb762-3e5c-4fd3-acf0-003ec0093e0c;Fossano_2025;data\archive\Fossano 2025\AGA;road;235.0;60.0;29.0;1.0767375886524824;2.2851063829787233;0.9477922672157403;0.8086433310455271;0.5161290322580645;0.11627906976744186;0.12011244569384104;60.0;100.0;15.0;10.0;15.0;0.9888025293110262;0.8880252931102621;0.6649980239757608;0.3351337109735213;3.0;3.0;0.16129032258064516;0.0;0.0;0.0;0.0;1.0;1;0.0;0.0
2aeeb762-3e5c-4fd3-acf0-003ec0093e0c;Fossano_2025;data\archive\Fossano 2025\AGA;road;235.0;60.0;49.0;1.3000851063829786;2.421276595744681;1.1341037407870949;1.083882631066611;0.7058823529411765;0.20061334014822388;0.20700230002555584;60.0;100.0;15.0;10.0;15.0;1.291568473422362;1.0090992406389108;0.5315527625032732;0.3569869948503099;1.0;4.0;0.0784313725490196;0.0;0.0;0.0;0.0;1.0;1;0.0;0.0
2aeeb762-3e5c-4fd3-acf0-003ec0093e0c;Fossano_2025;data\archive\Fossano 2025\AGA;road;235.0;60.0;19.0;1.0321276595744682;1.5191489361702128;0.8315974332995609;0.8114792299898682;0.6190476190476191;0.20828009200102224;0.21083567595195501;60.0;100.0;15.0;10.0;15.0;0.9527932385075242;0.9565038136466707;0.7201264344121486;0.5804988662131519;2.0;3.0;0.23809523809523808;0.0;0.0;0.0;0.0;1.0;1;0.0;0.0
2aeeb762-3e5c-4fd3-acf0-003ec0093e0c;Fossano_2025;data\archive\Fossano 2025\AGA;road;235.0;60.0;19.0;1.297872340425532;2.7617021276595746;1.101837217156366;0.8837825059101656;0.6666666666666666;0.24533605928954766;0.24789164324048044;60.0;100.0;15.0;10.0;15.0;0.7767213114754099;1.0881967213114754;0.43890710382513665;0.6681967213114755;2.0;6.0;0.3333333333333333;0.0;0.0;0.0;0.0;1.0;1;0.0;0.0
2aeeb762-3e5c-4fd3-acf0-003ec0093e0c;Fossano_2025;data\archive\Fossano 2025\AGA;road;235.0;60.0;19.0;1.3438297872340426;2.2893617021276595;1.0422762580209388;0.7978453225261738;0.7142857142857143;0.3066700741119346;0.3092256580628674;60.0;100.0;15.0;10.0;15.0;0.7621912602913236;1.1842938568714376;0.04243191893603546;0.683766096685666;2.0;3.0;0.23809523809523808;0.0;0.0;0.0;0.0;1.0;1;0.0;0.0
2aeeb762-3e5c-4fd3-acf0-003ec0093e0c;Fossano_2025;data\archive\Fossano 2025\AGA;road;235.0;60.0;19.0;1.0419148936170213;2.948936170212766;0.9479162445119893;0.7105775075987841;0.42857142857142855;0.39611551239458215;0.39867109634551495;60.0;100.0;15.0;10.0;15.0;0.19767204410863795;1.7137022666938944;0.5633380981553332;0.6578177115240623;1.0;9.0;0.42857142857142855;0.0;0.0;0.0;0.0;1.0;1;0.0;0.0
2aeeb762-3e5c-4fd3-acf0-003ec0093e0c;Fossano_2025;data\archive\Fossano 2025\AGA;road;235.0;60.0;74.0;1.217758865248227;1.9276595744680851;1.196231802911534;1.1355524449421426;0.6973684210526315;0.4964221824686941;0.506005622284692;60.0;100.0;15.0;10.0;15.0;0.8533289847644783;0.8512323533522806;0.5458230443088105;0.5432604948050133;2.0;4.0;0.06578947368421052;0.0;0.0;0.0;0.0;1.0;1;0.0;0.0
2aeeb762-3e5c-4fd3-acf0-003ec0093e0c;Fossano_2025;data\archive\Fossano 2025\AGA;road;235.0;60.0;59.0;1.0504964539007093;2.8680851063829786;0.9469108243227531;0.8868864085571443;0.45901639344262296;0.5596728852542806;0.567339637107079;60.0;100.0;15.0;10.0;15.0;1.297866594652984;1.5068863083985957;0.3815825006751283;0.5635970834458547;5.0;8.0;0.26229508196721313;0.0;0.0;0.0;0.0;1.0;1;0.0;0.0
2aeeb762-3e5c-4fd3-acf0-003ec0093e0c;Fossano_2025;data\archive\Fossano 2025\AGA;road;235.0;60.0;19.0;1.0874468085106384;2.2638297872340427;0.9020668693009117;0.7724991556906451;0.47619047619047616;0.6286736519294659;0.6312292358803987;60.0;100.0;15.0;10.0;15.0;0.8448444531402857;1.1183721385247505;0.5230548490184569;0.5366203613122024;3.0;3.0;0.2857142857142857;0.0;0.0;0.0;0.0;1.0;1;0.0;0.0
2aeeb762-3e5c-4fd3-acf0-003ec0093e0c;Fossano_2025;data\archive\Fossano 2025\AGA;road;235.0;60.0;74.0;1.145645390070922;2.1404255319148935;1.1126035834266519;1.0755720418066443;0.5789473684210527;0.6440071556350626;0.6535905954510606;60.0;100.0;15.0;10.0;15.0;1.0136440174326464;0.9597860538827256;0.4987123613312203;0.6990392234548335;5.0;3.0;0.15789473684210525;0.0;0.0;0.0;0.0;1.0;1;0.0;0.0
2aeeb762-3e5c-4fd3-acf0-003ec0093e0c;Fossano_2025;data\archive\Fossano 2025\AGA;road;235.0;60.0;19.0;1.0308510638297872;1.5276595744680852;0.8078824721377914;0.700047281323877;0.6666666666666666;0.723230258113979;0.7257858420649118;60.0;100.0;15.0;10.0;15.0;1.0914344685242516;0.7611971104231167;0.6246990024079808;0.1458548331613347;2.0;4.0;0.23809523809523808;0.0;0.0;0.0;0.0;1.0;1;0.0;0.0
2aeeb762-3e5c-4fd3-acf0-003ec0093e0c;Fossano_2025;data\archive\Fossano 2025\AGA;road;235.0;60.0;19.0;1.8170212765957447;2.8978723404255318;1.1880580884836205;0.8089496791624451;0.9047619047619048;0.7283414260158446;0.7308970099667774;60.0;100.0;15.0;10.0;15.0;1.1388758782201405;0.7723653395784543;0.053708040593286495;0.11459797033567524;2.0;3.0;0.19047619047619047;0.0;0.0;0.0;0.0;1.0;1;0.0;0.0
2aeeb762-3e5c-4fd3-acf0-003ec0093e0c;Fossano_2025;data\archive\Fossano 2025\AGA;road;235.0;60.0;9.0;1.283404255319149;2.391489361702128;0.8905738233397807;0.707511283043198;0.45454545454545453;0.771786353181702;0.7730641451571684;60.0;100.0;15.0;10.0;15.0;1.0;0.975132625994695;0.4913793103448275;0.4557913351016799;1.0;6.0;0.5454545454545454;0.0;0.0;0.0;0.0;0.0;0;0.0;0.0
2aeeb762-3e5c-4fd3-acf0-003ec0093e0c;Fossano_2025;data\archive\Fossano 2025\AGA;road;235.0;60.0;59.0;1.0046099290780142;1.5106382978723405;0.9168073479827928;0.8206836414370423;0.7377049180327869;0.7896754408382315;0.7973421926910299;60.0;100.0;15.0;10.0;15.0;1.0581009530533003;0.8251323685139428;0.04038122132015531;0.6043063889869396;2.0;8.0;0.19672131147540983;0.0;0.0;0.0;0.0;1.0;1;0.0;0.0
2aeeb762-3e5c-4fd3-acf0-003ec0093e0c;Fossano_2025;data\archive\Fossano 2025\AGA;road;235.0;60.0;19.0;1.3493617021276596;2.4170212765957446;1.0264640324214793;0.7913644039175955;0.5238095238095238;0.8280092001022233;0.8305647840531561;60.0;100.0;15.0;10.0;15.0;1.0488804793440556;0.8303374329864396;0.08893093661305582;0.564490696941028;3.0;4.0;0.38095238095238093;0.0;0.0;0.0;0.0;1.0;1;0.0;0.0
2aeeb762-3e5c-4fd3-acf0-003ec0093e0c;Fossano_2025;data\archive\Fossano 2025\AGA;road;235.0;60.0;169.0;1.0746182728410514;2.1829787234042555;1.0370619219443409;1.0110534610758575;0.6198830409356725;0.9276769741886021;0.9493994377715308;60.0;100.0;15.0;10.0;15.0;1.2449744939554168;1.0905406349723974;0.537482627161414;0.3825207891733246;8.0;14.0;0.23976608187134502;0.0;0.0;0.0;0.0;1.0;1;0.0;0.0
fb70343f-6980-4496-a564-28ef2e16e44b;Fossano;data\archive\Fossano 2026\AGA;road;235.0;60.0;19.0;1.317872340425532;2.668085106382979;1.1099898682877407;0.8899121918270856;0.6666666666666666;0.0329605650382578;0.03531489111241907;60.0;100.0;15.0;10.0;15.0;1.0468195027445915;0.8866645140458509;0.4789581315251319;0.589602841459477;3.0;2.0;0.23809523809523808;0.0;0.0;0.0;0.0;1.0;1;5.0;-2.0
fb70343f-6980-4496-a564-28ef2e16e44b;Fossano;data\archive\Fossano 2026\AGA;road;235.0;60.0;49.0;1.011063829787234;2.6;1.0112612988457794;0.978965373383396;0.49019607843137253;0.05179517363154797;0.05768098881695115;60.0;100.0;15.0;10.0;15.0;1.0728114478114479;0.9259259259259259;0.1394500561167228;1.6214927048260381;5.0;5.0;0.27450980392156865;1.0;0.0196078431372549;0.0;0.0;1.0;1;3.0;53.0
fb70343f-6980-4496-a564-28ef2e16e44b;Fossano;data\archive\Fossano 2026\AGA;road;235.0;60.0;19.0;1.6412765957446809;2.25531914893617;1.3825734549138806;1.2317966903073283;0.9047619047619048;0.05768098881695115;0.06003531489111242;60.0;100.0;15.0;10.0;15.0;0.9232564169043299;1.0720767435830958;0.5318468585256244;0.557600898798721;1.0;2.0;0.09523809523809523;2.0;0.047619047619047616;0.0;0.0;0.0;0;0.0;0.0
fb70343f-6980-4496-a564-28ef2e16e44b;Fossano;data\archive\Fossano 2026\AGA;road;235.0;60.0;29.0;0.9679432624113475;1.4595744680851064;1.0170487302676736;1.0332143674216427;0.45161290322580644;0.06003531489111242;0.06356680400235433;60.0;100.0;15.0;10.0;15.0;1.0568581477139507;1.0172919109026963;1.5882180539273152;0.6910902696365767;2.0;3.0;0.12903225806451613;1.0;0.03225806451612903;0.0;0.0;1.0;1;-67.0;3.0
fb70343f-6980-4496-a564-28ef2e16e44b;Fossano;data\archive\Fossano 2026\AGA;road;235.0;60.0;29.0;1.4570212765957447;3.548936170212766;1.2770167009837563;1.1219492107069322;0.6774193548387096;0.07298410829899941;0.07651559741024132;60.0;100.0;15.0;10.0;15.0;0.8969042056074767;1.0700934579439252;0.538551401869159;0.550038940809969;3.0;6.0;0.2903225806451613;0.0;0.0;0.0;0.0;1.0;1;-5.0;-1.0
fb70343f-6980-4496-a564-28ef2e16e44b;Fossano;data\archive\Fossano 2026\AGA;road;235.0;60.0;19.0;1.1559574468085105;2.9829787234042553;1.0588112124282336;0.9263796014859844;0.38095238095238093;0.16951147733961153;0.1718658034137728;60.0;100.0;15.0;10.0;15.0;1.0951592122216087;0.7966132891588442;0.7409043499601203;0.7114546904718082;2.0;5.0;0.38095238095238093;0.0;0.0;0.0;0.0;0.0;0;0.0;0.0
fb70343f-6980-4496-a564-28ef2e16e44b;Fossano;data\archive\Fossano 2026\AGA;road;235.0;60.0;64.0;1.4616693944353518;2.9872340425531916;1.3637395228884592;1.2922587577906728;0.8181818181818182;0.18363743378457917;0.1912889935256033;60.0;100.0;15.0;10.0;15.0;1.2480628835042773;0.9278228154252698;0.356533942461295;0.7282065063226885;5.0;4.0;0.15151515151515152;0.0;0.0;0.0;0.0;1.0;1;-3.0;10.0
fb70343f-6980-4496-a564-28ef2e16e44b;Fossano;data\archive\Fossano 2026\AGA;road;235.0;60.0;99.0;1.0988936170212766;3.157446808510638;1.030436064883084;0.9772038480443789;0.49504950495049505;0.22601530311948204;0.2377869334902884;60.0;100.0;15.0;10.0;15.0;1.0126239157372987;1.5357806691449813;0.4158921933085502;0.5496179264766625;12.0;4.0;0.2871287128712871;0.0;0.0;0.0;0.0;0.0;0;0.0;0.0
fb70343f-6980-4496-a564-28ef2e16e44b;Fossano;data\archive\Fossano 2026\AGA;road;235.0;60.0;89.0;1.2667612293144208;2.348936170212766;1.2298246434416646;1.1666004208557401;0.7692307692307693;0.3090052972336669;0.3195997645673926;60.0;100.0;15.0;10.0;15.0;0.9892878471185429;0.9194162436548223;0.47364885040310545;0.6418333830994327;3.0;8.0;0.10989010989010989;0.0;0.0;0.0;0.0;1.0;1;-3.0;1.0
fb70343f-6980-4496-a564-28ef2e16e44b;Fossano;data\archive\Fossano 2026\AGA;road;235.0;60.0;89.0;1.3528605200945627;3.234042553191489;1.3181809679682022;1.2749325851453515;0.7802197802197802;0.43790464979399646;0.44849911712772217;60.0;100.0;15.0;10.0;15.0;0.9241253975465697;1.1546849334218712;0.6269877328487051;0.7519658896305875;6.0;5.0;0.15384615384615385;0.0;0.0;0.0;0.0;1.0;1;3.0;-17.0
fb70343f-6980-4496-a564-28ef2e16e44b;Fossano;data\archive\Fossano 2026\AGA;road;235.0;60.0;49.0;1.1368510638297873;1.548936170212766;1.0627005979696842;0.9960464469475734;0.7058823529411765;0.5026486168334314;0.5085344320188346;60.0;100.0;15.0;10.0;15.0;1.0660278484803114;0.9383889803862853;0.3451115436442581;0.7274043020412237;1.0;1.0;0.0196078431372549;0.0;0.0;0.0;0.0;1.0;1;0.0;1.0
fb70343f-6980-4496-a564-28ef2e16e44b;Fossano;data\archive\Fossano 2026\AGA;road;235.0;60.0;64.0;1.0107364975450082;1.748936170212766;0.9744831291639803;0.9247506984741026;0.4393939393939394;0.516774573278399;0.5244261330194232;60.0;100.0;15.0;10.0;15.0;1.1746227087246583;0.8811775374052724;0.5198091413519874;0.6393764708422394;1.0;3.0;0.045454545454545456;0.0;0.0;0.0;0.0;1.0;1;-4.0;-1.0
fb70343f-6980-4496-a564-28ef2e16e44b;Fossano;data\archive\Fossano 2026\AGA;road;235.0;60.0;39.0;1.3023404255319149;2.297872340425532;1.2240650406504066;1.1364452516865595;0.8536585365853658;0.5732783990582696;0.5779870512065921;60.0;100.0;15.0;10.0;15.0;0.9491913086097042;0.9122692370527691;0.5458803027827697;0.6872515384196483;2.0;2.0;0.07317073170731707;0.0;0.0;0.0;0.0;1.0;1;-35.0;12.0
fb70343f-6980-4496-a564-28ef2e16e44b;Fossano;data\archive\Fossano 2026\AGA;road;235.0;60.0;29.0;1.3312056737588651;2.391489361702128;1.1732463967055593;0.9922443376801648;0.6774193548387096;0.5874043555032372;0.5909358446144791;60.0;100.0;15.0;10.0;15.0;1.0235482152370805;0.9605753862546618;0.21672882258923815;0.6785295684603091;4.0;4.0;0.2903225806451613;0.0;0.0;0.0;0.0;1.0;1;4.0;31.0
fb70343f-6980-4496-a564-28ef2e16e44b;Fossano;data\archive\Fossano 2026\AGA;road;235.0;60.0;19.0;1.0097872340425533;1.9787234042553192;0.7919554204660587;0.5230361364403918;0.38095238095238093;0.6050618010594467;0.607416127133608;60.0;100.0;15.0;10.0;15.0;0.5672144964180362;1.291613990729035;0.15620171372383762;0.34330664419159995;2.0;7.0;0.47619047619047616;0.0;0.0;0.0;0.0;0.0;0;0.0;0.0
fb70343f-6980-4496-a564-28ef2e16e44b;Fossano;data\archive\Fossano 2026\AGA;road;235.0;60.0;79.0;1.1151063829787236;1.995744680851064;1.0561632081253831;1.0131424568776815;0.7160493827160493;0.7015891701000588;0.711006474396704;60.0;100.0;15.0;10.0;15.0;1.0505628696813585;0.8891432932646441;0.3620174266997392;0.5334859759587866;4.0;3.0;0.09876543209876543;0.0;0.0;0.0;0.0;1.0;1;2.0;0.0
fb70343f-6980-4496-a564-28ef2e16e44b;Fossano;data\archive\Fossano 2026\AGA;road;235.0;60.0;19.0;1.1006382978723404;1.5276595744680852;0.8626477541371159;0.7278047956771362;0.6190476190476191;0.7604473219540906;0.7628016480282519;60.0;100.0;15.0;10.0;15.0;1.2642567175720085;0.6340614730330563;0.5296733036922483;0.2278497325858625;1.0;7.0;0.3333333333333333;0.0;0.0;0.0;0.0;0.0;0;0.0;0.0
fb70343f-6980-4496-a564-28ef2e16e44b;Fossano;data\archive\Fossano 2026\AGA;road;235.0;60.0;49.0;1.1158297872340426;1.9531914893617022;1.0424224725351132;0.9887692949520236;0.6078431372549019;0.7992937021777516;0.8051795173631549;60.0;100.0;15.0;10.0;15.0;1.0556021661200519;0.9152619937457096;0.5514453512317901;0.5176315053517402;3.0;4.0;0.11764705882352941;0.0;0.0;0.0;0.0;1.0;1;1.0;1.0
fb70343f-6980-4496-a564-28ef2e16e44b;Fossano;data\archive\Fossano 2026\AGA;road;235.0;60.0;39.0;1.3107446808510637;2.3106382978723405;1.2250960041515309;1.0959591766130425;0.8048780487804879;0.9134785167745733;0.9181871689228959;60.0;100.0;15.0;10.0;15.0;0.8937586234883533;0.8927846765684604;0.4819955090225361;0.47139030922814706;1.0;2.0;0.04878048780487805;0.0;0.0;0.0;0.0;1.0;1;-3.0;2.0
7797cef2-d600-4e7a-b895-666fbf05fbee;i141137178_Gossolengo;data\archive\Gossolengo 2026\ROS;road;235.0;53.0;19.0;1.42;2.5404255319148934;1.0138129010469434;0.663583248902398;0.7142857142857143;0.04579207920792079;0.04826732673267327;60.0;100.0;15.0;10.0;15.0;1.222355409050045;0.7000299670362601;0.046948356807511735;0.4187393866746579;2.0;4.0;0.2857142857142857;0.0;0.0;0.0;0.0;0.0;0;0.0;0.0
7797cef2-d600-4e7a-b895-666fbf05fbee;i141137178_Gossolengo;data\archive\Gossolengo 2026\ROS;road;235.0;53.0;19.0;1.1878723404255318;1.8212765957446808;0.9126173590003378;0.6432016210739617;0.6190476190476191;0.12128712871287128;0.12376237623762376;60.0;100.0;15.0;10.0;15.0;1.2907039226222463;0.6365753179294287;0.22878977849423848;0.36658905009254283;1.0;5.0;0.23809523809523808;0.0;0.0;0.0;0.0;0.0;0;0.0;0.0
7797cef2-d600-4e7a-b895-666fbf05fbee;i141137178_Gossolengo;data\archive\Gossolengo 2026\ROS;road;235.0;53.0;39.0;1.017127659574468;1.8595744680851063;0.9468638643833246;0.911378654212074;0.5121951219512195;0.34282178217821785;0.34777227722772275;60.0;100.0;15.0;10.0;15.0;0.8643447338144545;1.4969145486873758;0.6228079350137712;0.6995084196213784;4.0;6.0;0.2926829268292683;0.0;0.0;0.0;0.0;1.0;1;5.0;2.0
7797cef2-d600-4e7a-b895-666fbf05fbee;i141137178_Gossolengo;data\archive\Gossolengo 2026\ROS;road;235.0;53.0;39.0;1.4331914893617022;1.9659574468085106;1.3759764746583636;1.2752672548002075;0.975609756097561;0.400990099009901;0.40594059405940597;60.0;100.0;15.0;10.0;15.0;0.982185273159145;0.9106294536817101;0.7015043547110056;0.6621140142517814;1.0;1.0;0.024390243902439025;0.0;0.0;0.0;0.0;1.0;1;-8.0;1.0
7797cef2-d600-4e7a-b895-666fbf05fbee;i141137178_Gossolengo;data\archive\Gossolengo 2026\ROS;road;235.0;53.0;274.0;1.039257253384913;1.9234042553191488;1.0335913249049236;1.0298871929283586;0.5;0.411509900990099;0.44554455445544555;60.0;100.0;15.0;10.0;15.0;0.932335249099193;0.932744706828266;0.7594076015207012;0.7509454751198595;11.0;4.0;0.057971014492753624;0.0;0.0;0.0;0.0;1.0;1;17.0;0.0
7797cef2-d600-4e7a-b895-666fbf05fbee;i141137178_Gossolengo;data\archive\Gossolengo 2026\ROS;road;235.0;53.0;39.0;1.9047872340425531;2.5829787234042554;1.7215533644698147;1.4625255146168483;1.0;0.44801980198019803;0.452970297029703;60.0;100.0;15.0;10.0;15.0;0.9208600949455459;0.8956157497905612;0.4395047938192311;0.27240063297030626;2.0;1.0;0.04878048780487805;0.0;0.0;0.0;0.0;1.0;1;-2.0;0.0
7797cef2-d600-4e7a-b895-666fbf05fbee;i141137178_Gossolengo;data\archive\Gossolengo 2026\ROS;road;235.0;53.0;74.0;1.107631205673759;2.178723404255319;1.0767525195968646;1.0187523329600596;0.6447368421052632;0.47339108910891087;0.48267326732673266;60.0;100.0;15.0;10.0;15.0;1.1671447597582214;0.920884130724311;0.49764368404876547;0.7051019362770208;3.0;4.0;0.11842105263157894;0.0;0.0;0.0;0.0;1.0;1;3.0;8.0
7797cef2-d600-4e7a-b895-666fbf05fbee;i141137178_Gossolengo;data\archive\Gossolengo 2026\ROS;road;235.0;53.0;189.0;0.9559014557670773;2.3191489361702127;0.9774542348965876;0.9848713378634287;0.39267015706806285;0.7110148514851485;0.7345297029702971;60.0;100.0;15.0;10.0;15.0;1.0069585998453645;1.1961528549003069;0.6831767453121217;2.2249244394461236;11.0;3.0;0.08900523560209424;2.0;0.031413612565445025;1.0;0.0;2.0;1;-7.0;-111.0
7797cef2-d600-4e7a-b895-666fbf05fbee;i141137178_Gossolengo;data\archive\Gossolengo 2026\ROS;road;235.0;53.0;4.0;1.1063829787234043;1.6808510638297873;1.5258392434988182;1.3725295508274231;0.6666666666666666;0.7339108910891089;0.7345297029702971;60.0;100.0;15.0;10.0;15.0;1.6834615384615383;1.0334615384615384;0.8674358974358974;1.9223076923076923;0.0;0.0;0.0;2.0;1.0;0.0;1.0;0.0;0;0.0;0.0
7797cef2-d600-4e7a-b895-666fbf05fbee;i141137178_Gossolengo;data\archive\Gossolengo 2026\ROS;road;235.0;53.0;34.0;1.762917933130699;3.225531914893617;1.5861229314420804;1.4528506698187549;0.9722222222222222;0.7345297029702971;0.7388613861386139;60.0;100.0;15.0;10.0;15.0;1.320103448275862;0.8081379310344828;0.5917011494252874;0.590896551724138;1.0;3.0;0.08333333333333333;4.0;0.027777777777777776;0.0;0.0;1.0;0;0.0;0.0
7797cef2-d600-4e7a-b895-666fbf05fbee;i141137178_Gossolengo;data\archive\Gossolengo 2026\ROS;road;235.0;53.0;44.0;1.10080378250591;1.4085106382978723;1.115198889916744;1.1251125501079249;0.7391304347826086;0.7388613861386139;0.744430693069307;60.0;100.0;15.0;10.0;15.0;1.0104801992955932;0.9227300060132292;1.3779744008246715;0.7316381754144834;0.0;0.0;0.0;2.0;1.0;0.0;1.0;1.0;1;-92.0;-2.0
7797cef2-d600-4e7a-b895-666fbf05fbee;i141137178_Gossolengo;data\archive\Gossolengo 2026\ROS;road;235.0;53.0;99.0;1.098127659574468;3.0851063829787235;1.0938178498700932;1.0747096411768837;0.504950495049505;0.7388613861386139;0.7512376237623762;60.0;100.0;15.0;10.0;15.0;1.0129427264977136;1.085406494613656;1.3813325066521995;0.6502363791366349;3.0;2.0;0.04950495049504951;2.0;0.45544554455445546;1.0;0.0;1.0;0;0.0;0.0
7797cef2-d600-4e7a-b895-666fbf05fbee;i141137178_Gossolengo;data\archive\Gossolengo 2026\ROS;road;235.0;53.0;49.0;1.700595744680851;2.8;1.5791461549158672;1.4270518703935478;0.9019607843137255;0.7574257425742574;0.7636138613861386;60.0;100.0;15.0;10.0;15.0;0.9260834751276149;0.9991492343108799;0.5077903446435125;0.46792112901611455;4.0;3.0;0.1568627450980392;0.0;0.0;0.0;0.0;1.0;1;2.0;-2.0
7797cef2-d600-4e7a-b895-666fbf05fbee;i141137178_Gossolengo;data\archive\Gossolengo 2026\ROS;road;235.0;53.0;4.0;1.2417021276595746;2.7404255319148936;1.2010401891252955;1.182163120567376;0.8333333333333334;0.7704207920792079;0.7710396039603961;60.0;100.0;15.0;10.0;15.0;1.309801233721727;1.0167923235092529;0.6303404158099155;1.1462188713730865;0.0;0.0;0.0;1.0;0.16666666666666666;0.0;0.0;0.0;0;0.0;0.0
7797cef2-d600-4e7a-b895-666fbf05fbee;i141137178_Gossolengo;data\archive\Gossolengo 2026\ROS;road;235.0;53.0;24.0;1.550468085106383;2.7404255319148936;1.4069339879978178;1.2475586470267324;0.9230769230769231;0.7710396039603961;0.7741336633663366;60.0;100.0;15.0;10.0;15.0;1.0733889559776046;1.0571961796025908;0.5962967028945731;0.694551176492114;2.0;1.0;0.07692307692307693;2.0;0.038461538461538464;0.0;0.0;1.0;0;0.0;0.0
7797cef2-d600-4e7a-b895-666fbf05fbee;i141137178_Gossolengo;data\archive\Gossolengo 2026\ROS;road;235.0;53.0;64.0;1.247921440261866;1.778723404255319;1.2194175800558782;1.1986524822695037;0.8484848484848485;0.7741336633663366;0.7821782178217822;60.0;100.0;15.0;10.0;15.0;1.004564054139125;1.0771954674220963;1.1816528520966672;0.34258384919385865;1.0;4.0;0.06060606060606061;1.0;0.015151515151515152;0.0;0.0;1.0;1;-31.0;7.0
7797cef2-d600-4e7a-b895-666fbf05fbee;i141137178_Gossolengo;data\archive\Gossolengo 2026\ROS;road;235.0;53.0;49.0;1.1600851063829787;2.3106382978723405;1.0834876929495203;0.9888193575302462;0.7058823529411765;0.8094059405940595;0.8155940594059405;60.0;100.0;15.0;10.0;15.0;0.9173941750421832;1.4921869268578976;0.5460592277406892;0.4465311911574108;2.0;2.0;0.0784313725490196;0.0;0.0;0.0;0.0;1.0;1;-5.0;0.0
7797cef2-d600-4e7a-b895-666fbf05fbee;i141137178_Gossolengo;data\archive\Gossolengo 2026\ROS;road;235.0;53.0;19.0;1.482340425531915;3.0127659574468084;1.1490780141843973;0.7353664302600473;0.7142857142857143;0.9467821782178217;0.9492574257425742;60.0;100.0;15.0;10.0;15.0;1.2541983637146548;0.6071479833500789;0.131285584421798;0.4365341371226257;2.0;4.0;0.2857142857142857;0.0;0.0;0.0;0.0;1.0;1;2.0;-3.0
7797cef2-d600-4e7a-b895-666fbf05fbee;i141137178_Gossolengo;data\archive\Gossolengo 2026\ROS;road;235.0;53.0;19.0;1.3008510638297872;2.4680851063829787;1.0844444444444445;0.8299493414387032;0.5714285714285714;0.9665841584158416;0.969059405940594;60.0;100.0;15.0;10.0;15.0;0.8979391560353288;1.0307491004252536;0.4470613891614873;0.3788027477919529;2.0;5.0;0.3333333333333333;0.0;0.0;0.0;0.0;1.0;1;5.0;-3.0
d42bc166-9a8f-431d-958e-d9ddc23a4899;Maser;data\archive\Maser 2026\BIANCHI;road;250.0;58.0;19.0;1.0442;1.624;0.8643936507936507;0.6456496726494432;0.5238095238095238;0.0030660738923808063;0.006132147784761613;60.0;100.0;15.0;10.0;15.0;1.083317372150929;0.8370044052863436;0.2730000638447296;0.5687288514333142;3.0;1.0;0.14285714285714285;0.0;0.0;0.0;0.0;0.0;0;0.0;0.0
d42bc166-9a8f-431d-958e-d9ddc23a4899;Maser;data\archive\Maser 2026\BIANCHI;road;250.0;58.0;19.0;1.2698;2.536;1.038831746031746;0.8100444444444443;0.5714285714285714;0.10424651234094742;0.10731258623332822;60.0;100.0;15.0;10.0;15.0;0.8429673964403844;1.0836352181445896;0.5462277524019531;0.47272536357431616;3.0;4.0;0.2857142857142857;0.0;0.0;0.0;0.0;0.0;0;0.0;0.0
d42bc166-9a8f-431d-958e-d9ddc23a4899;Maser;data\archive\Maser 2026\BIANCHI;road;250.0;58.0;39.0;1.2492;2.332;1.100120325203252;1.0039170731707316;0.6097560975609756;0.15943584240380193;0.16556799018856355;60.0;100.0;15.0;10.0;15.0;1.0701248799231506;0.9644572526416906;0.48564414558650865;0.49951969260326606;4.0;5.0;0.2682926829268293;0.0;0.0;0.0;0.0;1.0;1;-2.0;-13.0
d42bc166-9a8f-431d-958e-d9ddc23a4899;Maser;data\archive\Maser 2026\BIANCHI;road;250.0;58.0;29.0;1.1686666666666667;2.1;0.9851784946236559;0.8299139784946237;0.6774193548387096;0.18549747048903878;0.19009658132761;60.0;100.0;15.0;10.0;15.0;0.9189960068454078;1.1637193382772388;0.43011979463776384;0.43171705647461495;3.0;3.0;0.16129032258064516;0.0;0.0;0.0;0.0;0.0;0;0.0;0.0
d42bc166-9a8f-431d-958e-d9ddc23a4899;Maser;data\archive\Maser 2026\BIANCHI;road;250.0;58.0;19.0;1.0348;2.632;0.7068761904761905;0.5063650793650794;0.38095238095238093;0.1946956921661812;0.19776176605856202;60.0;100.0;15.0;10.0;15.0;1.6760726710475455;0.23656745264785467;0.12781858007988664;0.23579435639737148;1.0;10.0;0.47619047619047616;0.0;0.0;0.0;0.0;0.0;0;0.0;0.0
d42bc166-9a8f-431d-958e-d9ddc23a4899;Maser;data\archive\Maser 2026\BIANCHI;road;250.0;58.0;29.0;1.1941333333333335;2.676;0.918098924731183;0.8487827956989246;0.5483870967741935;0.21155909857427563;0.21615820941284686;60.0;100.0;15.0;10.0;15.0;1.013622152746762;1.4648280482358196;0.46940598481464935;0.18557391692719963;4.0;4.0;0.2903225806451613;0.0;0.0;0.0;0.0;0.0;0;0.0;0.0
d42bc166-9a8f-431d-958e-d9ddc23a4899;Maser;data\archive\Maser 2026\BIANCHI;road;250.0;58.0;19.0;1.0526;2.82;0.8095873015873015;0.6575238095238094;0.5238095238095238;0.3158056109152231;0.31887168480760386;60.0;100.0;15.0;10.0;15.0;1.2395971879156376;0.6813604408132244;0.2508075242257268;0.43903983786180256;3.0;4.0;0.3333333333333333;0.0;0.0;0.0;0.0;0.0;0;0.0;0.0
d42bc166-9a8f-431d-958e-d9ddc23a4899;Maser;data\archive\Maser 2026\BIANCHI;road;250.0;58.0;39.0;1.3067;3.188;1.054308943089431;0.9679821138211383;0.5609756097560976;0.3250038325923655;0.3311359803771271;60.0;100.0;15.0;10.0;15.0;1.541899441340782;0.9875258284227444;0.3946838090865029;0.231422667789087;6.0;5.0;0.34146341463414637;0.0;0.0;0.0;0.0;1.0;1;0.0;-23.0
d42bc166-9a8f-431d-958e-d9ddc23a4899;Maser;data\archive\Maser 2026\BIANCHI;road;250.0;58.0;19.0;1.5322;3.216;1.148990476190476;0.9174571428571427;0.5714285714285714;0.37866012570902957;0.3817261996014104;60.0;100.0;15.0;10.0;15.0;0.758908758647696;1.3204542487925859;0.34425444894052126;0.2279946047078275;2.0;6.0;0.42857142857142855;0.0;0.0;0.0;0.0;0.0;0;0.0;0.0
d42bc166-9a8f-431d-958e-d9ddc23a4899;Maser;data\archive\Maser 2026\BIANCHI;road;250.0;58.0;19.0;1.1492;2.48;0.852215873015873;0.6216825396825397;0.47619047619047616;0.5641575961980684;0.5672236700904492;60.0;100.0;15.0;10.0;15.0;1.35085276714236;0.6223459798120432;0.11393433112890126;0.3253277642417914;3.0;4.0;0.2857142857142857;0.0;0.0;0.0;0.0;0.0;0;0.0;0.0
d42bc166-9a8f-431d-958e-d9ddc23a4899;Maser;data\archive\Maser 2026\BIANCHI;road;250.0;58.0;19.0;1.4487999999999999;2.772;1.2079936507936508;0.8904730158730157;0.7619047619047619;0.8324390617813889;0.8355051356737697;60.0;100.0;15.0;10.0;15.0;0.8401435670900056;1.2092766427388184;0.4402724093502669;0.44100865083747465;3.0;3.0;0.23809523809523808;0.0;0.0;0.0;0.0;1.0;1;0.0;4.0
d42bc166-9a8f-431d-958e-d9ddc23a4899;Maser;data\archive\Maser 2026\BIANCHI;road;250.0;58.0;44.0;1.0281777777777776;2.192;1.0732579710144927;1.092249275362319;0.45652173913043476;0.8830292810056722;0.8899279472635291;60.0;100.0;15.0;10.0;15.0;1.3262297916486556;0.9733725252874558;0.8014178265756031;1.6925737010460795;5.0;4.0;0.2391304347826087;2.0;0.021739130434782608;0.0;0.0;0.0;0;0.0;0.0
d42bc166-9a8f-431d-958e-d9ddc23a4899;Maser;data\archive\Maser 2026\BIANCHI;road;250.0;58.0;64.0;1.6641846153846154;2.236;1.607064646464646;1.5436202020202021;0.9848484848484849;0.8899279472635291;0.8998926874137667;60.0;100.0;15.0;10.0;15.0;0.9994083496653478;0.9080723292534112;0.5999334393373515;0.7279641065463645;1.0;1.0;0.015151515151515152;2.0;0.015151515151515152;0.0;0.0;1.0;0;0.0;0.0
d42bc166-9a8f-431d-958e-d9ddc23a4899;Maser;data\archive\Maser 2026\BIANCHI;road;250.0;58.0;64.0;1.6641846153846154;2.236;1.607064646464646;1.5436202020202021;0.9848484848484849;0.8899279472635291;0.8998926874137667;60.0;100.0;15.0;10.0;15.0;0.9994083496653478;0.9080723292534112;0.5999334393373515;0.7279641065463645;1.0;1.0;0.015151515151515152;2.0;0.015151515151515152;0.0;0.0;1.0;0;0.0;0.0
d42bc166-9a8f-431d-958e-d9ddc23a4899;Maser;data\archive\Maser 2026\BIANCHI;road;250.0;58.0;114.0;1.1561043478260868;1.364;1.164596551724138;1.1720701149425288;0.9827586206896551;0.8998926874137667;0.9175226122949564;60.0;100.0;15.0;10.0;15.0;1.029318851916481;1.0012936999819484;1.3765770102493131;0.8723549351144272;0.0;0.0;0.0;3.0;0.008620689655172414;0.0;0.0;1.0;1;-83.0;50.0
d42bc166-9a8f-431d-958e-d9ddc23a4899;Maser;data\archive\Maser 2026\BIANCHI;road;250.0;58.0;44.0;1.0806222222222224;2.26;1.062730434782609;1.0375782608695652;0.6086956521739131;0.9175226122949564;0.9244212785528131;60.0;100.0;15.0;10.0;15.0;0.9561158180472156;1.3329357571769351;1.042115653532944;0.6403718022538455;1.0;1.0;0.021739130434782608;1.0;0.021739130434782608;0.0;0.0;0.0;0;0.0;0.0
71909c7f-c2b5-4eab-ac24-a6d278d15022;Maser;data\archive\Maser 2026\MF;road;250.0;64.0;19.0;1.5708;2.48;1.3702204229997332;1.1472345261389496;0.7619047619047619;0.001531628120692296;0.004594884362076888;60.0;100.0;15.0;10.0;15.0;1.202699261522791;0.7051184110007639;0.6345811051693404;0.5064086240556829;4.0;2.0;0.23809523809523808;0.0;0.0;0.0;0.0;1.0;1;-4.0;18.0
71909c7f-c2b5-4eab-ac24-a6d278d15022;Maser;data\archive\Maser 2026\MF;road;250.0;64.0;19.0;1.066;2.172;0.854926984126984;0.6329841269841269;0.47619047619047616;0.042885587379384284;0.04594884362076888;60.0;100.0;15.0;10.0;15.0;0.5159474671669794;1.3658536585365855;0.275422138836773;0.49706066291432144;2.0;7.0;0.38095238095238093;0.0;0.0;0.0;0.0;0.0;0;0.0;0.0
71909c7f-c2b5-4eab-ac24-a6d278d15022;Maser;data\archive\Maser 2026\MF;road;250.0;64.0;29.0;1.2788;2.744;1.0776559139784945;0.900541935483871;0.6774193548387096;0.0750497779139225;0.07964466227599938;60.0;100.0;15.0;10.0;15.0;1.1704723177979355;0.8654989052236471;0.2429360859138776;0.7323532478365135;4.0;2.0;0.1935483870967742;0.0;0.0;0.0;0.0;1.0;1;1.0;3.0
71909c7f-c2b5-4eab-ac24-a6d278d15022;Maser;data\archive\Maser 2026\MF;road;250.0;64.0;19.0;1.0877999999999999;1.808;0.990336507936508;0.7827809523809522;0.6666666666666666;0.10415071220707613;0.10721396844846072;60.0;100.0;15.0;10.0;15.0;0.8229453943739659;1.1171171171171173;0.6307532021817737;0.5726542869400012;2.0;3.0;0.23809523809523808;0.0;0.0;0.0;0.0;0.0;0;0.0;0.0
71909c7f-c2b5-4eab-ac24-a6d278d15022;Maser;data\archive\Maser 2026\MF;road;250.0;64.0;39.0;1.0493;3.216;1.0238569105691058;0.8730894308943091;0.4146341463414634;0.13784653086230664;0.14397304334507582;60.0;100.0;15.0;10.0;15.0;0.8748689602592205;0.8352234823215477;0.5189491406969726;0.6615203786651419;5.0;8.0;0.34146341463414637;0.0;0.0;0.0;0.0;1.0;1;20.0;12.0
71909c7f-c2b5-4eab-ac24-a6d278d15022;Maser;data\archive\Maser 2026\MF;road;250.0;64.0;59.0;1.0872;2.86;1.0575868852459016;1.0158732240437158;0.5409836065573771;0.1562260683106142;0.16541583703476795;60.0;100.0;15.0;10.0;15.0;1.0290654893303899;1.0364238410596025;0.4991415256315918;0.5705175374049546;6.0;7.0;0.32786885245901637;0.0;0.0;0.0;0.0;1.0;1;0.0;3.0
71909c7f-c2b5-4eab-ac24-a6d278d15022;Maser;data\archive\Maser 2026\MF;road;250.0;64.0;19.0;1.4964000000000002;2.24;1.25671746031746;0.9768253968253967;0.8571428571428571;0.1853270026037678;0.1883902588451524;60.0;100.0;15.0;10.0;15.0;0.8436246992782679;1.1539695268644747;0.632094805310523;0.4032789806647064;2.0;2.0;0.14285714285714285;0.0;0.0;0.0;0.0;1.0;1;-8.0;2.0
71909c7f-c2b5-4eab-ac24-a6d278d15022;Maser;data\archive\Maser 2026\MF;road;250.0;64.0;19.0;1.0546;2.824;0.7909333333333333;0.6731238095238095;0.38095238095238093;0.2220860775003829;0.2251493337417675;60.0;100.0;15.0;10.0;15.0;1.610847714773374;0.34401668879195907;0.28269802136671096;0.4629875466211518;3.0;8.0;0.47619047619047616;0.0;0.0;0.0;0.0;0.0;0;0.0;0.0
71909c7f-c2b5-4eab-ac24-a6d278d15022;Maser;data\archive\Maser 2026\MF;road;250.0;64.0;39.0;1.0234;2.936;0.8952682926829267;0.8243674796747967;0.4146341463414634;0.24199724306938275;0.24812375555215194;60.0;100.0;15.0;10.0;15.0;1.9581786202853235;1.0779753761969906;0.4648557097257508;0.42316461468308253;5.0;4.0;0.36585365853658536;0.0;0.0;0.0;0.0;0.0;0;0.0;0.0
71909c7f-c2b5-4eab-ac24-a6d278d15022;Maser;data\archive\Maser 2026\MF;road;250.0;64.0;75.0;1.0306666666666668;2.832;0.9894122807017546;0.9164122807017543;0.5;0.34921121151784346;0.3606984224230357;60.0;100.0;15.0;10.0;15.0;1.2714100905562742;1.1902975420439843;0.6287192755498059;0.5720569210866753;7.0;9.0;0.35526315789473684;0.0;0.0;0.0;0.0;1.0;1;0.0;-43.0
71909c7f-c2b5-4eab-ac24-a6d278d15022;Maser;data\archive\Maser 2026\MF;road;250.0;64.0;29.0;1.1225333333333334;3.14;0.8991655913978495;0.8627892473118278;0.4838709677419355;0.3798437739316894;0.3844386582937663;60.0;100.0;15.0;10.0;15.0;1.474878251573821;1.3811616581541752;0.644257037652928;0.5822544245159758;3.0;13.0;0.4838709677419355;0.0;0.0;0.0;0.0;0.0;0;0.0;0.0
71909c7f-c2b5-4eab-ac24-a6d278d15022;Maser;data\archive\Maser 2026\MF;road;250.0;64.0;49.0;1.0154400000000001;3.132;0.9274823529411763;0.8884627450980394;0.47058823529411764;0.39669168325930465;0.40434982386276613;60.0;100.0;15.0;10.0;15.0;1.3089892066493343;1.4318915937918537;0.6478636518816145;0.6231781296777751;4.0;12.0;0.3137254901960784;0.0;0.0;0.0;0.0;1.0;1;31.0;10.0
71909c7f-c2b5-4eab-ac24-a6d278d15022;Maser;data\archive\Maser 2026\MF;road;250.0;64.0;39.0;1.1659000000000002;3.112;0.9425040650406504;0.9156243902439025;0.5853658536585366;0.46102006432838105;0.46714657681115024;60.0;100.0;15.0;10.0;15.0;1.5822969379878205;1.256025388112188;0.38836949995711467;0.42496497698487573;2.0;11.0;0.2926829268292683;0.0;0.0;0.0;0.0;0.0;0;0.0;0.0
71909c7f-c2b5-4eab-ac24-a6d278d15022;Maser;data\archive\Maser 2026\MF;road;250.0;64.0;19.0;1.4358;2.912;1.0489968253968254;0.8634476190476191;0.6190476190476191;0.5437279828457651;0.5467912390871497;60.0;100.0;15.0;10.0;15.0;1.4196963365371222;0.5897757347820031;0.15842503598458468;0.4516877931002461;3.0;4.0;0.2857142857142857;0.0;0.0;0.0;0.0;0.0;0;0.0;0.0
71909c7f-c2b5-4eab-ac24-a6d278d15022;Maser;data\archive\Maser 2026\MF;road;250.0;64.0;49.0;1.0253599999999998;3.264;0.8602352941176471;0.8179111111111111;0.35294117647058826;0.5621075202940726;0.5697656608975341;60.0;100.0;15.0;10.0;15.0;1.372396036514005;1.5042521650932357;0.2572104756703337;0.43509921718550887;6.0;6.0;0.37254901960784315;0.0;0.0;0.0;0.0;0.0;0;0.0;0.0
71909c7f-c2b5-4eab-ac24-a6d278d15022;Maser;data\archive\Maser 2026\MF;road;250.0;64.0;24.0;1.24656;1.924;1.1489179487179486;0.9345641025641026;0.6538461538461539;0.667789860621841;0.6716189309235717;60.0;100.0;15.0;10.0;15.0;1.0711076883583623;0.8737646001796946;0.6068968467890301;0.5251786249090831;2.0;3.0;0.15384615384615385;0.0;0.0;0.0;0.0;1.0;1;0.0;0.0
71909c7f-c2b5-4eab-ac24-a6d278d15022;Maser;data\archive\Maser 2026\MF;road;250.0;64.0;29.0;1.1472;2.944;0.8603526881720431;0.810858064516129;0.4838709677419355;0.7811303415530709;0.7857252259151478;60.0;100.0;15.0;10.0;15.0;1.3465829846582984;1.2193165969316595;0.08670385867038587;0.7157136215713622;3.0;11.0;0.41935483870967744;0.0;0.0;0.0;0.0;0.0;0;0.0;0.0
71909c7f-c2b5-4eab-ac24-a6d278d15022;Maser;data\archive\Maser 2026\MF;road;250.0;64.0;79.0;1.0933;3.092;1.0547028806584362;0.9844057613168725;0.5061728395061729;0.8301424414152244;0.8423954663807628;60.0;100.0;15.0;10.0;15.0;0.8945394676666972;0.7518521906155676;0.5778224945882496;0.5753833958352389;7.0;17.0;0.3950617283950617;0.0;0.0;0.0;0.0;2.0;1;4.0;-45.0
71909c7f-c2b5-4eab-ac24-a6d278d15022;Maser;data\archive\Maser 2026\MF;road;250.0;64.0;269.0;1.2955999999999999;2.608;1.278678474784748;1.269851414514145;0.9040590405904059;0.885281053760147;0.926635013018839;60.0;100.0;15.0;10.0;15.0;0.9447360296387775;0.9262117937635074;0.5011834928475868;0.23916846763404345;7.0;6.0;0.06642066420664207;0.0;0.0;0.0;0.0;1.0;1;2.0;-3.0
71909c7f-c2b5-4eab-ac24-a6d278d15022;Maser;data\archive\Maser 2026\MF;road;250.0;64.0;19.0;1.1212;2.172;0.8585206349206349;0.6395333333333332;0.6666666666666666;0.9618624597947618;0.9649257160361464;60.0;100.0;15.0;10.0;15.0;0.7438458794149125;1.1530503032465216;0.056843857771435365;0.7796408609822808;1.0;4.0;0.19047619047619047;0.0;0.0;0.0;0.0;0.0;0;0.0;0.0
71909c7f-c2b5-4eab-ac24-a6d278d15022;Maser;data\archive\Maser 2026\MF;road;250.0;64.0;59.0;1.1497333333333333;2.296;1.115943169398907;1.003873224043716;0.6557377049180327;0.9741154847603002;0.983305253484454;60.0;100.0;15.0;10.0;15.0;1.1505276585874984;0.9901426417720052;0.29943175229038616;0.6327264293169431;7.0;3.0;0.21311475409836064;0.0;0.0;0.0;0.0;1.0;1;-3.0;5.0
